{"cameraMode":{"drawMode":0,"name":"Shaded","section":"Shading Mode"},"sceneLighting":true,"audioPlay":false,"sceneViewState":{"showFog":true,"showMaterialUpdate":false,"showSkybox":true,"showFlares":true,"showImageEffects":true,"showParticleSystems":true},"in2DMode":false,"pivot":{"x":1.4766466617584229,"y":1.4813172817230225,"z":6.79646110534668},"rotation":{"x":0.07860635221004486,"y":0.7911980748176575,"z":-0.10409106314182282,"w":0.5974878668785095},"size":7.674518585205078,"orthographic":false}