{"cameraMode":{"drawMode":0,"name":"Shaded","section":"Shading Mode"},"sceneLighting":true,"audioPlay":false,"sceneViewState":{"showFog":true,"showMaterialUpdate":false,"showSkybox":true,"showFlares":true,"showImageEffects":true,"showParticleSystems":true},"in2DMode":false,"pivot":{"x":1.5958948135375977,"y":-0.800417423248291,"z":-1.9877490997314454},"rotation":{"x":0.06605129688978195,"y":-0.5342004299163818,"z":0.04191918298602104,"w":0.8417302966117859},"size":12.61821460723877,"orthographic":false}